Produto,Marca,Preço,Preço Original
Jaqueta x 100 Thieves com capuz,adidas,R$ 3.734,R$ 3.895
Jaqueta Glass Cover-TC,Stone Island,R$ 19.542,R$ 26.205
Jaqueta Ami De Coeur de lã virgem,AMI Paris,R$ 6.446,R$ 7.478
Jaqueta Ami De Coeur com recortes,AMI Paris,R$ 3.909,R$ 6.508
Jaqueta esportiva com listras triplas,adidas,R$ 1.524,R$ 3.036
Jaqueta jeans efeito destroyed,Givenchy,R$ 21.805,R$ 30.121
Jaqueta matelassê Polo Pony,Polo Ralph Lauren,R$ 3.739,R$ 4.429
Jaqueta college com detalhe de patch,AMIRI,R$ 21.271,R$ 21.328
Jaqueta matelassê,Rossignol,R$ 1.747,R$ 3.482
Jaqueta college Ivy,Axel Arigato,R$ 3.972,R$ 5.669
Jaqueta de lã e cashmere mistos,AMI Paris,R$ 10.667,R$ 11.127
Jaqueta Ami De Coeur com zíper,AMI Paris,R$ 6.258,R$ 6.953
Jaqueta college dupla face,Polo Ralph Lauren,R$ 11.743,R$ 12.361
Jaqueta matelassê camuflada,Andersson Bell,R$ 3.789,R$ 8.405
Jaqueta Retro Denali,The North Face,R$ 1.629,R$ 2.322
Jaqueta matelassê com capuz,Karl Lagerfeld Jeans,R$ 2.055,R$ 4.097
Jaqueta matelassê Himalayan com capuz,The North Face,R$ 3.758,R$ 5.364
Jaqueta GORE-TEX®,The North Face,R$ 7.689,R$ 9.911
Jaqueta college Mascot,Represent,R$ 4.223,R$ 6.028
Blazer Punto com botões,Karl Lagerfeld,R$ 2.567,R$ 5.122
Blazer Beo,The Frankie Shop,R$ 2.180,R$ 3.625
Jaqueta com abotoamento,FURSAC,R$ 4.611,R$ 6.582
Jaqueta de couro mangas longas,Belstaff,R$ 6.628,R$ 10.662
Blazer com abotoamento duplo,Karl Lagerfeld,R$ 3.519,R$ 7.025
Jaqueta bomber com patch,BARROW,R$ 3.334,R$ 6.655
Jaqueta com sobreposição,Herno,R$ 6.916,R$ 10.058
Colete matelassê com abotoamento duplo,Karl Lagerfeld,R$ 2.567,R$ 5.122
Jaqueta jeans matelassê,Karl Lagerfeld Jeans,R$ 2.055,R$ 4.097
Jaqueta bomber V-Emblem de couro,Versace Jeans Couture,R$ 6.873,R$ 9.813
Jaqueta impermeável com estampa,Kenzo,R$ 4.723,R$ 9.434
Jaqueta college com bordado,BARROW,R$ 3.334,R$ 6.655
Jaqueta com patch de logo,Napapijri,R$ 3.631,R$ 5.182
Jaqueta Essential de bouclê,Karl Lagerfeld,R$ 3.153,R$ 6.293
Jaqueta bomber com detalhe de aplicação,Karl Lagerfeld,R$ 3.665,R$ 7.318
Jaqueta Angler encerada,Barbour,R$ 4.402,R$ 4.984
Jaqueta bomber com zíper,Burberry,R$ 15.962,R$ 24.551
Jaqueta matelassê,Kenzo,R$ 5.261,R$ 9.926
Jaqueta jeans com estampa Tokyo,Karl Lagerfeld Jeans,R$ 1.469,R$ 2.926
Jaqueta bomber x Wales Bonner dupla face,adidas,R$ 2.901,R$ 3.624
Jaqueta La Veste Slogan,Drôle De Monsieur,R$ 2.911,R$ 3.636
Blazer com abotoamento simples,Herno,R$ 3.668,R$ 6.073
Jaqueta jeans com abotoamento,Saint Laurent,R$ 10.403,R$ 14.138
Jaqueta com padronagem monogramada PB,Balmain,R$ 8.267,R$ 16.900
Jaqueta bomber de couro,DSQUARED2,R$ 13.492,R$ 25.474
Jaqueta matelassê com capuz,Mackage,R$ 9.169,R$ 20.362
Jaqueta matelassê monogramada com capuz,Palm Angels,R$ 10.671,R$ 20.346
Jaqueta Glass Cover-TC,Stone Island,R$ 20.921,R$ 24.878
Jaqueta bomber com bordado de texto,Balmain,R$ 8.489,R$ 12.400
Jaqueta biker com cinto,MM6 Maison Margiela,R$ 11.231,R$ 18.710
Jaqueta com patch de logo,Ader Error,R$ 5.888,R$ 7.368
Jaqueta com capuz,Stone Island,R$ 10.820,R$ 12.728
Jaqueta flanelada com bolsos,Stone Island,R$ 11.285,R$ 15.221
Jaqueta com pelos na gola,ERALDO,R$ 12.010,R$ 24.009
Jaqueta Retro Nuptse 96,The North Face,R$ 2.351,R$ 3.430
Jaqueta de couro dupla face,ROUGH.,R$ 8.689,R$ 10.333
Colete Pony com logo,Polo Ralph Lauren,R$ 5.680,R$ 6.373
Blazer com abotoamento duplo,OUR LEGACY,R$ 6.332,R$ 8.539
Jaqueta Chrome-R,C.P. Company,R$ 6.543,R$ 9.343
Jaqueta corta-vento com logo bordado,Fred Perry,R$ 2.805,R$ 4.002
Jaqueta bomber Ami De Coeur,AMI Paris,R$ 5.237,R$ 6.069
Jaqueta bomber Duke,ENTIRE STUDIOS,R$ 4.403,R$ 7.662
Jaqueta de algodão,Polo Ralph Lauren,R$ 6.003,R$ 6.299
Jaqueta de lã com abotoamento,AMI Paris,R$ 5.034,R$ 6.747
Jaqueta Retro Denali,The North Face,R$ 1.629,R$ 2.322
Jaqueta corta-vento com patch de bússola,Stone Island,R$ 10.665,R$ 11.226
Jaqueta bomber com patch de logo,Études Studio,R$ 4.287,R$ 6.119
Jaqueta com zíper e estampa barroca,Versace,R$ 14.666,R$ 25.025
Jaqueta 70s Premium,adidas,R$ 3.980,R$ 5.009
Blazer Mizumi,Studio Nicholson,R$ 5.827,R$ 11.643
Jaqueta bomber com logo,Dolce & Gabbana,R$ 17.924,R$ 24.859
Jaqueta matelassê com aplicação de logo,Courrèges,R$ 16.985,R$ 20.049
Jaqueta bomber com listras,Versace Jeans Couture,R$ 4.953,R$ 6.678
Jaqueta Retro Nuptse 1996,The North Face,R$ 2.831,R$ 4.039
Jaqueta bomber com patch de logo,Études Studio,R$ 4.592,R$ 6.119
Jaqueta com patch de logo,Lacoste,R$ 2.424,R$ 3.028
Jaqueta com patch de bússola,Stone Island,R$ 13.733,R$ 19.614
Jaqueta Flower Tape,ARTE,R$ 2.151,R$ 3.110
Jaqueta com estampa Chromo Couture,Versace Jeans Couture,R$ 4.129,R$ 5.893
Jaqueta jeans efeito destroyed,DSQUARED2,R$ 4.850,R$ 9.688
Jaqueta com capuz e patch de bússola,Stone Island,R$ 7.404,R$ 8.225
Jaqueta jeans,Saint Laurent,R$ 14.031,R$ 15.943
Colete em jacquard Barocco,Versace,R$ 11.245,R$ 16.237
Jaqueta TNF x Yinka Ilori,The North Face,R$ 5.633,R$ 6.320
Jaqueta com patch de bússola,Stone Island,R$ 9.330,R$ 10.468
Jaqueta college com logo,BARROW,R$ 2.492,R$ 4.973
Jaqueta com logo bordado,Martine Rose,R$ 5.065,R$ 8.434
Jaqueta esportiva com bordado monogramado,Palm Angels,R$ 4.701,R$ 10.955
Jaqueta com capuz e logo de bússola,Stone Island,R$ 12.681,R$ 13.348
Jaqueta militar com zíper e logo bordado,The North Face,R$ 3.834,R$ 5.292
Jaqueta Ispa Butterfly,Nike,R$ 6.122,R$ 7.201
Jaqueta com efeito desbotado,Balenciaga,R$ 20.995,R$ 22.423
Jaqueta leve com distintivo de bússola,Stone Island,R$ 7.635,R$ 10.902
Jaqueta bomber de couro com logo,AMI Paris,R$ 18.342,R$ 25.337
Jaqueta bomber de couro,Dell'oglio,R$ 9.356,R$ 14.387
Jaqueta bomber com bordado de texto,Off-White,R$ 8.978,R$ 10.087
Jaqueta jeans com zíper,Off-White,R$ 5.704,R$ 13.371
